category,subcategory
Fashion,Women's
Fashion,Men's
Fashion,Kid's
Fashion,Party Clothes
Fashion,Shoes
Fashion,Watches
Fashion,Beauty & Care
Fashion,Moda Accessories
Electronics,Smartphone
Electronics,PC & Notebook
Electronics,TV & Games
Electronics,Gadgets
Electronics,Home Electronics
Electronics,Work Electronics
Electronics,Sport Electronics
Electronics,Other Electronics
Automotive,Sedan
Automotive,SUV
Automotive,Station Wagon
Automotive,Truck & Pickup
Automotive,Van & mini van
Automotive,Sport cars
Automotive,Luxery car
Automotive,Bike & craft
Automotive,Auto Parts
Automotive,Accessories
Automotive,Other Automotive
Real Estate,House
Real Estate,Apartment
Real Estate,Villas
Real Estate,Duplex
Real Estate,Camping
Real Estate,Auto Parking
Real Estate,Commercial
Real Estate,Industrial
Real Estate,Warehouses
Real Estate,Lands
Real Estate,Other Proprity
Life Style,Resturant
Life Style,Night Clubs
Life Style,Recreation Center
Life Style,the beach
Life Style,Sauna and SPA
Life Style,Sport & Healtes
Life Style,Religion Places
Life Style,Museum & Culture
Life Style,Shopping Center
Life Style,Cargo & Logestics
Life Style,Hobby
Life Style,Music
Life Style,Wedding
Life Style,Other Life style
Travel & Tourist,Hotels
Travel & Tourist,Hostels
Travel & Tourist,Rent Houses
Travel & Tourist,Rent Villas
Travel & Tourist,Rent Cars
Travel & Tourist,Ticket & Viza
Travel & Tourist,Taxi Services
Travel & Tourist,Entrainment
Travel & Tourist,Other Travel
Job & Scince,Job Finding
Job & Scince,Vacansies
Job & Scince,Courses
Job & Scince,Books & Article
Job & Scince,Arts & Handmade
Job & Scince,Advertisment
Job & Scince,Event & Confrance
Job & Scince,Exhebitions
Job & Scince,Festivals
